insert into Users(NAME_OF_USER, USER_ID, P_WORD) values('BOB SANDERS','100','bob001');
insert into Users(NAME_OF_USER, USER_ID, P_WORD) values('ALEX JOHNSON','200','xela002');
insert into Users(NAME_OF_USER, USER_ID, P_WORD) values('CHRIS WELLS','300','sirhc003');
insert into Users(NAME_OF_USER, USER_ID, P_WORD) values('TOM TUCKER','400','mot004');
insert into Users(NAME_OF_USER, USER_ID, P_WORD) values('ALICE WONDER','500','ecila005'); 
insert into Users(NAME_OF_USER, USER_ID, P_WORD) values('JACK NICOLSON','350','kcaj053');
insert into Users(NAME_OF_USER, USER_ID, P_WORD) values('FINLEY BAKER','550','yelnif055'); 
insert into Users(NAME_OF_USER, USER_ID, P_WORD) values('SAMUEL SOSA','250','ymmas052');
insert into Users(NAME_OF_USER, USER_ID, P_WORD) values('JANET JAMISON','375','tenaj573'); 
insert into Users(NAME_OF_USER, USER_ID, P_WORD) values('AMY THOMPSON','150','yma015');
insert into Users(NAME_OF_USER, USER_ID, P_WORD) values('FERGIE BROWN','175','eigref571'); 
insert into Users(NAME_OF_USER, USER_ID, P_WORD) values('MANNY GONZALEZ','450','ynnam054');
insert into Users(NAME_OF_USER, USER_ID, P_WORD) values('XAVIER REYES','560','reivax065');
insert into Users(NAME_OF_USER, USER_ID, P_WORD) values('JENNA SMITH', '225', 'annej522');
insert into Users(NAME_OF_USER, USER_ID, P_WORD) values('BRENDA ATKINS', '235', 'adnerb532');
insert into Users(NAME_OF_USER, USER_ID, P_WORD) values('SAAD DOGAR','335', 'daas533');




insert into Members(NAME_OF_USER, USER_ID, P_WORD) values('ALEX JOHNSON', '200', 'xela002');
insert into Members(NAME_OF_USER, USER_ID, P_WORD) values('CHRIS WELLS', '300', 'sirhc003');
insert into Members(NAME_OF_USER, USER_ID, P_WORD) values('JACK NICOLSON','350','kcaj053');
insert into Members(NAME_OF_USER, USER_ID, P_WORD) values('TOM TUCKER','400','mot004');
insert into Members(NAME_OF_USER, USER_ID, P_WORD) values('SAMUEL SOSA','250','ymmas052');
insert into Members(NAME_OF_USER, USER_ID, P_WORD) values('JANET JAMISON','375','tenaj573'); 
insert into Members(NAME_OF_USER, USER_ID, P_WORD) values('AMY THOMPSON','150','yma015');
insert into Members(NAME_OF_USER, USER_ID, P_WORD) values('FERGIE BROWN','175','eigref571'); 
insert into Members(NAME_OF_USER, USER_ID, P_WORD) values('XAVIER REYES','560','reivax065');
insert into Members(NAME_OF_USER, USER_ID, P_WORD) values('SAAD DOGAR', '335', 'daas533');




insert into Staff(NAME_OF_USER, USER_ID, P_WORD) values('BOB SANDERS','100','bob001');
insert into Staff(NAME_OF_USER, USER_ID, P_WORD) values('ALICE WONDER','500','ecila005');
insert into Staff(NAME_OF_USER, USER_ID, P_WORD) values('FINLEY BAKER','550','yelnif055');
insert into Staff(NAME_OF_USER, USER_ID, P_WORD) values('MANNY GONZALEZ','450','ynnam054');
insert into Staff(NAME_OF_USER, USER_ID, P_WORD) values('JENNA SMITH', '225', 'annej522');
insert into Staff(NAME_OF_USER, USER_ID, P_WORD) values('BRENDA ATKINS', '235', 'adnerb532');




insert into Genre(genre) values('SCI-FI');
insert into Genre(genre) values('ACTION');
insert into Genre(genre) values('COMEDY');
insert into Genre(genre) values('HORROR');
insert into Genre(genre) values('ROMANCE');
insert into Genre(genre) values('THRILLER');
insert into Genre(genre) values('ADVENTURE');
insert into Genre(genre) values('CRIME');
insert into Genre(genre) values('MYSTERY');
insert into Genre(genre) values('HISTORICAL');



/*actors*/
insert into Person(person_id, person_name,date_of_birth,gender) values ('100','TOM CRUISE','1/1/11', 'Male');
insert into Person(person_id, person_name,date_of_birth,gender) values ('114','MEL GIBSON','2/2/22', 'Male');
insert into Person(person_id, person_name,date_of_birth,gender) values ('765','ANGIE JOLIE','3/3/33', 'Female');
insert into Person(person_id, person_name,date_of_birth,gender) values ('888','HUGH JACKMAN','4/4/44', 'Male');
insert into Person(person_id, person_name,date_of_birth,gender) values ('456','OLIVIA WILDE','5/5/55', 'Female');
insert into Person(person_id, person_name,date_of_birth,gender) values ('171','JENNIFER ANISTON','6/6/66', 'Female');
insert into Person(person_id, person_name,date_of_birth,gender) values ('441','NATALIE PORTMAN','7/7/77', 'Female');
insert into Person(person_id, person_name,date_of_birth,gender) values ('991','MATT DAMON','8/8/88', 'Male');
insert into Person(person_id, person_name,date_of_birth,gender) values ('777','BRAD PITT','9/9/99', 'Male');



/*directors*/
insert into Person(person_id, person_name,date_of_birth,gender) values ('867','CHRIS NOLAN','1/2/11', 'Male');
insert into Person(person_id, person_name,date_of_birth,gender) values ('445','QUENTIN TORON','1/2/21', 'Male');
insert into Person(person_id, person_name,date_of_birth,gender) values ('161','STEVE JOBS','1/2/22', 'Male');
insert into Person(person_id, person_name,date_of_birth,gender) values ('900','HELEN THOMAS','2/3/11', 'Female');
insert into Person(person_id, person_name,date_of_birth,gender) values ('690','ELLEN DEGENERES','2/4/11', 'Female');
insert into Person(person_id, person_name,date_of_birth,gender) values ('666','CONDY RICE','4/4/55', 'Female');



/*writers*/
insert into Person(person_id, person_name,date_of_birth,gender) values ('323','REZIKH DAHSRA','5/2/11', 'Male');
insert into Person(person_id, person_name,date_of_birth,gender) values ('434','ZER AMED','6/4/11', 'Male');
insert into Person(person_id, person_name,date_of_birth,gender) values ('545','MANHOOS DAAS','9/4/45', 'Male');
insert into Person(person_id, person_name,date_of_birth,gender) values ('656','DAFA KAR','6/8/11', 'Female');
insert into Person(person_id, person_name,date_of_birth,gender) values ('767','HAD HOGAI','9/2/11', 'Female');
insert into Person(person_id, person_name,date_of_birth,gender) values ('878','GHULAM ALI','5/2/11', 'Female');




insert into Movie(movie_id, title, genre, release_year, rating, length) values('111', 'VALKYRIE', 'SCI-FI', '2001', 'PG-13', '120');
insert into Movie(movie_id, title, genre, release_year, rating, length) values('202', 'TOMB RAIDER', 'ACTION', '2000', 'PG-13', '130');
insert into Movie(movie_id, title, genre, release_year, rating, length) values('255', 'OCEANS 11', 'ACTION', '2005', 'PG-13', '125');
insert into Movie(movie_id, title, genre, release_year, rating, length) values('432', 'BLACK SWAN', 'THRILLER', '2009', 'R', '110');
insert into Movie(movie_id, title, genre, release_year, rating, length) values('172', 'TIME', 'ADVENTURE', '2004', 'PG', '117');
insert into Movie(movie_id, title, genre, release_year, rating, length) values('287', 'HORRIBLE BOSSES', 'COMEDY', '2008', 'PG-13', '121');
insert into Movie(movie_id, title, genre, release_year, rating, length) values('102', 'WOLVERINE', 'ACTION', '2007', 'PG-13', '150');
insert into Movie(movie_id, title, genre, release_year, rating, length) values('662', 'LETHAL WEAPON', 'ACTION', '2010', 'PG-13', '132');


insert into Actor(person_id, person_name, date_of_birth, movie_id) values ('100', 'TOM CRUISE', '1/1/11', '111');
insert into Actor(person_id, person_name, date_of_birth, movie_id) values ('114', 'MEL GIBSON', '2/2/22', '662');
insert into Actor(person_id, person_name, date_of_birth, movie_id) values ('765', 'ANGIE JOLIE','3/3/33', '202');
insert into Actor(person_id, person_name, date_of_birth, movie_id) values ('888', 'HUGH JACKMAN','4/4/44','102'); 
insert into Actor(person_id, person_name, date_of_birth, movie_id) values ('456', 'OLIVIA WILDE','5/5/55','172');
insert into Actor(person_id, person_name, date_of_birth, movie_id) values ('171', 'JENNIFER ANISTON','6/6/66','287');
insert into Actor(person_id, person_name, date_of_birth, movie_id) values ('441', 'NATALIE PORTMAN','7/7/77','432');
insert into Actor(person_id, person_name, date_of_birth, movie_id) values ('991', 'MATT DAMON','8/8/88', '255');
insert into Actor(person_id, person_name, date_of_birth, movie_id) values ('777', 'BRAD PITT','9/9/99', '255');




insert into Director(person_id, person_name, date_of_birth, movie_id) values('867', 'CHRIS NOLAN','1/2/11', '102');
insert into Director(person_id, person_name, date_of_birth, movie_id) values('445', 'QUENTIN TORON','1/2/21', '662');
insert into Director(person_id, person_name, date_of_birth, movie_id) values('161', 'STEVE JOBS','1/2/22', '172');
insert into Director(person_id, person_name, date_of_birth, movie_id) values('900', 'HELEN THOMAS','2/3/11', '111');
insert into Director(person_id, person_name, date_of_birth, movie_id) values('690', 'ELLEN DEGENERES','2/4/11', '287');
insert into Director(person_id, person_name, date_of_birth, movie_id) values('666', 'CONDY RICE','4/4/55','432');




insert into Writer(person_id, person_name, date_of_birth, movie_id) values ('323','REZIKH DAHSRA','5/2/11','111');
insert into Writer(person_id, person_name, date_of_birth, movie_id) values ('434','ZER AMED', '6/4/11', '662' );
insert into Writer(person_id, person_name, date_of_birth, movie_id) values ('545','MANHOOS DAAS', '9/4/45','432');
insert into Writer(person_id, person_name, date_of_birth, movie_id) values ('656','DAFA KAR','6/8/11','287');
insert into Writer(person_id, person_name, date_of_birth, movie_id) values ('767','HAD HOGAI','9/2/11','255');
insert into Writer(person_id, person_name, date_of_birth, movie_id) values ('878','GHULAM ALI','5/2/11', '102');


insert into Room(room_number, capacity) values ('211', '10');
insert into Room(room_number, capacity) values ('311', '20');
insert into Room(room_number, capacity) values ('411', '30');
insert into Room(room_number, capacity) values ('511', '40');
insert into Room(room_number, capacity) values ('611', '50');


insert into Showing(show_id,tickets_Available, movie_id, showtime, room_number) values ('654','20', '432', '12:00', '311');
insert into Showing(show_id,tickets_Available, movie_id, showtime, room_number) values ('543','10','255', '11:00', '211');
insert into Showing(show_id,tickets_Available, movie_id, showtime, room_number) values ('321','40', '102', '10:00', '511');
insert into Showing(show_id,tickets_Available, movie_id, showtime, room_number) values ('333','30', '202', ' 9:00', '411');
insert into Showing(show_id,tickets_Available, movie_id, showtime, room_number) values ('110','50', '111', '10:00', '611');
